Model,Horizon,MAE,RMSE,R2,Accuracy,F1-Macro,Baseline Improvement
Naive Persistence,1d,0.0795,0.1035,0.0000,N/A,N/A,0.0%
XGBoost,1d,0.5659,0.6639,0.1635,0.4740,0.3571,-541.3%
LightGBM,1d,0.5659,0.6639,0.1635,0.4740,0.3571,-541.3%
Naive Persistence,7d,0.2256,0.2860,0.0000,N/A,N/A,0.0%
XGBoost,7d,0.5837,0.6804,0.1352,0.4484,0.3377,-137.9%
LightGBM,7d,0.5837,0.6804,0.1352,0.4484,0.3377,-137.9%
Naive Persistence,14d,0.2545,0.3187,0.0000,N/A,N/A,0.0%
XGBoost,14d,0.5975,0.6918,0.1218,0.4401,0.3309,-117.0%
LightGBM,14d,0.5975,0.6918,0.1218,0.4401,0.3309,-117.0%
